date,u_m0.350,u_m0.338,u_m0.327,u_m0.315,u_m0.303,u_m0.292,u_m0.280,u_m0.268,u_m0.257,u_m0.245,u_m0.233,u_m0.222,u_m0.210,u_m0.198,u_m0.187,u_m0.175,u_m0.163,u_m0.152,u_m0.140,u_m0.128,u_m0.117,u_m0.105,u_m0.093,u_m0.082,u_m0.070,u_m0.058,u_m0.047,u_m0.035,u_m0.023,u_m0.012,u_p0.000,u_p0.012,u_p0.023,u_p0.035,u_p0.047,u_p0.058,u_p0.070,u_p0.082,u_p0.093,u_p0.105,u_p0.117,u_p0.128,u_p0.140,u_p0.152,u_p0.163,u_p0.175,u_p0.187,u_p0.198,u_p0.210,u_p0.222,u_p0.233,u_p0.245,u_p0.257,u_p0.268,u_p0.280,u_p0.292,u_p0.303,u_p0.315,u_p0.327,u_p0.338,u_p0.350
2025-11-21,0.71261610783218,0.681350255735493,0.651334031223024,0.623836764654656,0.60012778639027,0.581476426789747,0.56915201621297,0.564423885019819,0.567931247784523,0.577792855938703,0.591497345128324,0.606533350999353,0.620389509197758,0.630554455369504,0.635153943118364,0.634862197879335,0.630990563045218,0.624850382008815,0.617752998162927,0.611009754900357,0.605635469894338,0.601458857939832,0.598012108112233,0.594827409486936,0.591436951139334,0.587372922144822,0.582307954272806,0.576476450068739,0.570244889796691,0.563946293819142,0.557904151831175,0.552441265323429,0.547933478943179,0.544913854278696,0.543645177013378,0.543155886833714,0.542395415240381,0.541231506987742,0.539773275200479,0.538191686247867,0.53669105326139,0.535302603087092,0.53386467580122,0.532331898236932,0.531279715662167,0.531274294621431,0.532166804003242,0.533415672054108,0.534706096130377,0.537068628635487,0.541863607627004,0.547650667659302,0.552858538700423,0.556591917085808,0.559996136232288,0.564339460368612,0.569600918444721,0.575898471073889,0.582324607889535,0.589823220902515,0.597615362193038
2025-11-22,0.738101090342682,0.729076619291603,0.721311252383345,0.714489112144138,0.708294321100214,0.702411001777802,0.696523276703135,0.690315268402442,0.683555108800782,0.676346967418518,0.668879023174838,0.661339454988934,0.653916441779995,0.646798162467211,0.640172795969772,0.634157946713743,0.628588921152695,0.623230451247077,0.617847268957334,0.612204106243915,0.606065695067266,0.599264668012431,0.591905260162844,0.584159607226535,0.576199844911534,0.56819810892587,0.56077601343321,0.556353086419754,0.555510190097114,0.549675609755986,0.537635369972368,0.540723809523763,0.536109448789933,0.526242298406567,0.521091104053179,0.519382841468028,0.517747029161859,0.515665126676601,0.513944977067998,0.515848016415872,0.520553973509921,0.516273333333454,0.513902054317547,0.516032583502051,0.518760626631854,0.518943060510612,0.519114052953158,0.522016938437521,0.525554427083334,0.527925000000021,0.53205226475684,0.53717142857143,0.541086104910714,0.543855953813621,0.556560000001558,0.577052317880747,0.568736842105565,0.573906666666575,0.578918604651166,0.57996508766709,0.579322687861271
2025-11-23,0.750644047277761,0.742970334516558,0.735296621755355,0.727622908994152,0.719949196232949,0.712275483471746,0.704596294905711,0.696882630737483,0.689099204978267,0.681210731639268,0.673181924731691,0.664977498266741,0.656562166255625,0.647944324957036,0.639307099619632,0.630877297739559,0.622881726812965,0.615547194335996,0.609029243065699,0.603198356802724,0.59785375460862,0.592794655544937,0.587820278673223,0.582729843055029,0.577242566312184,0.570757660307633,0.563530410412341,0.559560401788227,0.559268991862563,0.552370773740745,0.548603791605483,0.545600408563092,0.538667292320609,0.53326445647201,0.534303189074567,0.534346530151779,0.526580884044223,0.519034360394546,0.517251913474125,0.513433643415363,0.524495773097391,0.528529019701963,0.524726979266757,0.520461937463165,0.519909873492302,0.524163730341007,0.527558222253333,0.528548070125114,0.521875829151038,0.524522038060545,0.544759730398261,0.54707736294069,0.546479372648281,0.560560832187177,0.56591296855781,0.573669045467887,0.578338869144127,0.579672319984915,0.588463217269459,0.61201356299185,0.638931302636087
2025-11-24,0.730743473599014,0.722027557161625,0.713311640724236,0.704595724286848,0.695879807849459,0.687151368695844,0.678344265300876,0.669378069451209,0.660172352933497,0.65064668753439,0.640720645040542,0.630390135447425,0.619956421585783,0.609797104495183,0.600289785215187,0.59181206478536,0.584741544245268,0.57932833160899,0.575312562788675,0.572306880670985,0.569923928142586,0.56777634809014,0.565476783400313,0.562317010437352,0.556305339475853,0.54653197869578,0.537698193988239,0.533891489427364,0.531005494180662,0.524326617735611,0.516695044752435,0.511802148462072,0.509062511277985,0.507682696915469,0.510313985114614,0.516165910176529,0.512114884228024,0.503860969714718,0.508818598428938,0.517561292050308,0.517522642527327,0.514029705334948,0.515168192796902,0.520971116757799,0.524981322638293,0.52221966439902,0.522278509671684,0.534901624145563,0.523061612834214,0.517958799223423,0.548264567073589,0.564605147823123,0.566926316187901,0.575379349640835,0.600064591660257,0.583119433822548,0.502304106048256,0.496545692021451,0.553295241704538,0.60886573914991,0.621033608841751
2025-11-27,0.696560861061832,0.685669268693542,0.674801797733091,0.664083726253451,0.653666789252317,0.643702721727388,0.634343258676361,0.625740135096933,0.617972139421925,0.610826273824648,0.604016593913539,0.597257155297034,0.590262013583568,0.582745224381576,0.574518463004548,0.565783883586182,0.556841259965229,0.547990365980441,0.53953097547057,0.531762862274367,0.524593482792638,0.516361023674413,0.50621998763936,0.498159411441477,0.495080285710767,0.492421331451251,0.489636841213904,0.485563378702749,0.479121435499764,0.471909392450046,0.465770570619482,0.460850162694015,0.457900710010821,0.458262113163529,0.454727679126152,0.452888780654928,0.45495700033014,0.459605665733339,0.459317055174994,0.451208003019031,0.450384979091804,0.451178219501018,0.449819385761655,0.460700157385743,0.45791866335963,0.458806978383647,0.469014968917379,0.483580954155055,0.48923417618485,0.492273763252194,0.501176214708791,0.511161624017909,0.518352516229927,0.521604614736663,0.526145965501273,0.538562061887574,0.557507875262026,0.562158050302279,0.565738563027911,0.570139940951037,0.574541318874163
2025-11-28,0.694958848806351,0.68764965420771,0.680332332537756,0.672962492294523,0.665485736832036,0.657847669504313,0.649993893665377,0.64187001266925,0.633421629869953,0.624640022929462,0.615699166741572,0.606818710508029,0.598218303430585,0.590117594710986,0.582736233550981,0.576075775911105,0.569265404787032,0.561216209933224,0.550839281104141,0.537045708054243,0.520242672921701,0.506821727379517,0.502067627132321,0.500853574476425,0.496110936549012,0.485961232780829,0.477419503436278,0.472241566516342,0.469784413148718,0.467614888753115,0.463671111742546,0.459166438211221,0.455663886546703,0.452849886628763,0.449983502961239,0.445949039387329,0.440092098971705,0.438767868381588,0.439731397415212,0.439313526617873,0.43933546452129,0.441844254053721,0.444299907743145,0.4448283956217,0.446985958129921,0.448859190778526,0.44871322766376,0.452508831408284,0.467002349829879,0.494328359800903,0.515614435257911,0.513028819550197,0.525472981522056,0.537285692010361,0.542007273450759,0.542353997148044,0.546998059021663,0.562420429535487,0.588394931818575,0.608702731535931,0.626924423408665
2025-11-29,0.688797553597402,0.681117955012588,0.673446056035285,0.665824537381967,0.658305870716087,0.650942527701093,0.643786980000435,0.636891699277562,0.630309157195924,0.624017415897635,0.617696899439467,0.610953622356854,0.603393599185231,0.594622844460034,0.584247372716698,0.572134174000542,0.559194140396416,0.546599139499054,0.535521038903191,0.52713170620356,0.521896028852244,0.517450973730716,0.511143207744543,0.50198611846626,0.491203007590628,0.484255085320384,0.478140675312361,0.472859028927129,0.469317491468682,0.466119828997034,0.461861370653083,0.457407277145256,0.453947777754753,0.451703544486329,0.449503414709888,0.444688517720753,0.443329306025927,0.444360208416722,0.445437689710696,0.448256176798683,0.451408541080717,0.453386394564886,0.456661427434551,0.462741515433142,0.467593649148043,0.474403788298752,0.484543124800645,0.488328912790517,0.493500934037237,0.508732031652941,0.524895547907676,0.535313019089666,0.550438482910873,0.554242621011532,0.554067046196141,0.562847978618707,0.579793808038719,0.592147642352434,0.593947557164397,0.60564637562841,0.620623868779926
2025-11-30,0.706437539546494,0.697203194285951,0.687968849025407,0.678721980483668,0.669395181151009,0.659906124684642,0.650172484741775,0.640111934979619,0.629642149055384,0.618759021037557,0.607771326639728,0.597066061986767,0.587030223203542,0.578050806414922,0.570514807745774,0.564616772568967,0.559781443249371,0.555241111399854,0.550228068633286,0.543974606562536,0.535713016800474,0.525561909902854,0.51718517219697,0.5131583566999,0.508158407416312,0.499029486669383,0.494442098271722,0.490233643345159,0.485458741916912,0.480881771379197,0.476147778881827,0.470477432405788,0.462513213499141,0.454158522904766,0.454839080908017,0.455852600910194,0.454584402983366,0.454197878685386,0.45660316950574,0.455784047166407,0.448656189823806,0.447343904871034,0.451103533503165,0.45512939095915,0.457478533044823,0.461738171352879,0.470593738610304,0.480366561719673,0.487054623495858,0.491914231183441,0.4988598859465,0.510162685113486,0.521574681673999,0.532797260044899,0.544444091033064,0.554826326310465,0.561677115207052,0.563660238117696,0.56484338516313,0.573797433139957,0.588198129499946
2025-12-01,0.776526370166849,0.764630324047201,0.752734277927554,0.740838231807906,0.728942185688258,0.71704613956861,0.705150093448963,0.693275483992136,0.681532970395601,0.67005638646133,0.658979565991299,0.64843634278748,0.638560550651848,0.629432446353209,0.620917978527705,0.612829518778311,0.604979438708,0.597180109919748,0.589243904016528,0.581040387004736,0.572667902504451,0.564281988539172,0.556038183132396,0.548092024307625,0.540599050088357,0.533651144870433,0.527085578539067,0.520678963369543,0.514219895708045,0.5077119430305,0.50177094102689,0.496330013886176,0.491278022855066,0.486614326071437,0.482588899946117,0.479503553758751,0.477421319670817,0.475612446862426,0.473247998572827,0.470828512736381,0.471536087041919,0.474729983028459,0.478680241826973,0.482067116262662,0.484002233919841,0.484929528437143,0.485689830137174,0.487217062240561,0.49109670761021,0.499053304873694,0.508466635186052,0.517839448454583,0.526420028763969,0.534089092906167,0.541257971221719,0.548562575941599,0.556811439683484,0.565624869742562,0.574261134604736,0.582083447058347,0.589379857564074
2025-12-02,0.722456285323536,0.710991391304321,0.699539718154408,0.688165818972092,0.67694669210086,0.665959335884199,0.655280748665599,0.644987928788546,0.635120349764349,0.625567385775598,0.616180886172701,0.60681270030607,0.597314677526113,0.587538667183241,0.577447118472819,0.567444879970042,0.558047400095056,0.549770127268013,0.543128509909061,0.538637996438348,0.535746440648703,0.529631317823669,0.517418308245995,0.508296290704547,0.50611154616691,0.494594742514579,0.492868700371638,0.495288790546626,0.490481314379956,0.482241721860217,0.476351122988706,0.471364119169389,0.465524616256838,0.463060246505393,0.465686638632782,0.463660998919302,0.461525870943823,0.465084639885883,0.466890784892541,0.460656715819428,0.457980471388929,0.465799775743083,0.469538799132208,0.485969362432372,0.485706636188204,0.482542577997683,0.484384245366581,0.492848539759934,0.507402497995859,0.522999991582425,0.525468655622675,0.522865274810433,0.526417625971914,0.538273982239873,0.541831392735209,0.568153685723737,0.604200130609836,0.543797302780372,0.615464784105108,0.632961753115695,0.624726628117791
2025-12-03,0.703229519520999,0.694331948232354,0.68543437694371,0.676536805655065,0.667639234366421,0.658741663077776,0.649847048187804,0.64097087554234,0.632131939312129,0.623349033667917,0.614640952780448,0.606026490820467,0.597514903743781,0.589077294646435,0.580675228409535,0.572270269914189,0.563823984041502,0.555297935672581,0.546760062302497,0.538703791882171,0.531429716243006,0.524041592282465,0.515075911492095,0.504548241723135,0.499228511327253,0.495706771606256,0.489054599014783,0.481000850718074,0.474216960878825,0.468487390938978,0.463128687682335,0.458472711980921,0.455115290960247,0.453160885963899,0.450596429236333,0.446205275053003,0.444084132643923,0.447078460935334,0.447715362683849,0.44123269331468,0.441201361327758,0.449572302598133,0.450907332476533,0.451748151510013,0.451532783872271,0.448628504150613,0.452050695239677,0.466004689547548,0.474657737005831,0.488482016411709,0.501245297793818,0.497298611509225,0.49894663481307,0.509896159036674,0.525069143648705,0.537177419604843,0.544726979377149,0.547287716631463,0.552288484277924,0.567108315773098,0.588209885652994
2025-12-24,0.602613450918926,0.595743623386015,0.588873795853103,0.582003968320192,0.575134140787281,0.568262801167204,0.561382125199091,0.554482644622383,0.54755489117652,0.540589396600942,0.533576692635092,0.526507311018411,0.519377279465719,0.512204609593363,0.505012808993072,0.497825385256573,0.490665845975594,0.483557698741862,0.476528440540481,0.469621525930057,0.462884398862571,0.456364503290005,0.45010928316434,0.44417069882864,0.438618776190296,0.433503262083443,0.42877472148488,0.424323846587316,0.419980424672307,0.41583969247383,0.41200792829658,0.40859715435519,0.405810731301195,0.403809730273623,0.402494725924563,0.401668716632724,0.401004892170248,0.400298138572456,0.399893331463782,0.400028314268867,0.400895269006535,0.402726146791219,0.405782356953841,0.409925140248416,0.41491087018532,0.420511153306776,0.426502060645474,0.4326716507643,0.438846088859427,0.444860284994215,0.450597367292056,0.456142602111542,0.461607262489571,0.467003892208066,0.472336892287328,0.477678400569019,0.483126962175269,0.488796913948241,0.494755896198986,0.500888163509104,0.507098174660826
2025-12-25,0.6194428225435,0.610647231796216,0.601851641048932,0.593056050301648,0.584260459554364,0.575464868807079,0.566674613911094,0.557916352920736,0.549222069140548,0.540623745875075,0.532153366428861,0.52384291410645,0.515727857293343,0.507857604698866,0.500285050113304,0.49306308732694,0.486244610130057,0.479882512312939,0.473978660205035,0.46833081029245,0.462685691600455,0.456790033154319,0.450390563979313,0.443234013100706,0.435269906407046,0.427258957239985,0.42044477002429,0.417191326064082,0.415792813971336,0.405569872366149,0.399869703733019,0.399155348821136,0.399181136682668,0.398176708973045,0.395621778337485,0.39352102877709,0.393774668104005,0.394968189276518,0.394488125330128,0.393357713244792,0.393272649641428,0.395510608004655,0.40002882370663,0.405321929126064,0.407354168268953,0.408955633630355,0.414190653682877,0.422590434758238,0.428352539232378,0.430785821869856,0.435752174245385,0.446885700963619,0.456434472901419,0.464148361330654,0.471081670319266,0.474831780916095,0.480995125460196,0.492607162884057,0.497539753567201,0.496878092955778,0.495292526041777
2025-12-26,0.625166914148495,0.615338271687295,0.605509629226094,0.595680986764894,0.585852344303694,0.576023701842494,0.566205551518485,0.556451395754297,0.546825749978089,0.537393129618022,0.528218050102255,0.519365026858947,0.510882305172701,0.502753049753896,0.494944155169355,0.487422515985902,0.480155026770358,0.473108582089546,0.466252544345412,0.459566147280392,0.453031092472047,0.446629081497935,0.440341815935615,0.434192428270605,0.428369774620251,0.423104142009857,0.418684683427807,0.4156360157148,0.412227469391242,0.403886274897228,0.40331336053571,0.405343419396804,0.401792947253637,0.396686394877388,0.395355477856868,0.396050043293646,0.394863323318654,0.391785453826028,0.394904695151504,0.391203329927234,0.385760948629133,0.38741556222207,0.394040174133016,0.400263118697294,0.401125632551266,0.400871819643026,0.40646854705506,0.41666164648773,0.409837533713599,0.41214156391939,0.423863978490548,0.434724925755139,0.438530456484559,0.443396429064136,0.453824999911894,0.454099709995559,0.454988496003605,0.467299997475601,0.474477177145596,0.476045946092442,0.47669020159699
2025-12-27,0.604952294735683,0.596089719847887,0.587227144960091,0.578364570072296,0.5695019951845,0.560646459984036,0.551834044697114,0.543108310132047,0.534512817097152,0.526091126400741,0.517886798851131,0.509943395256635,0.502285713271116,0.494863497930624,0.487607731116755,0.480449394711106,0.473319470595275,0.466164487055565,0.458993157997113,0.451829743729761,0.444698504563354,0.437623700807734,0.430629592772745,0.424046523096393,0.419429163729343,0.416877672841983,0.409449824170953,0.398763531734736,0.408290505790372,0.407179132619987,0.397438796883377,0.391115520568822,0.388111727278321,0.386030203962594,0.385418789353537,0.386757692801861,0.387311554352378,0.38478819557204,0.382921263866053,0.386318232843611,0.38645545968322,0.385985255362211,0.389592591918226,0.394393762411556,0.398430519470259,0.405708402399787,0.407851170889416,0.411933589632513,0.417648665285983,0.422100301125448,0.425939552865667,0.432557868976192,0.442701668260231,0.449632116274991,0.460866307718979,0.474738990496262,0.480012747815824,0.478973760443791,0.476890986169644,0.474808211895497,0.472725437621351
2025-12-28,0.622843442488873,0.612811029176067,0.602778615863261,0.592746202550455,0.582713789237649,0.572691445596148,0.562730330517097,0.552892077830258,0.54323832136539,0.533830694952256,0.524730832420615,0.515988301309698,0.507604403996615,0.499568376567941,0.491869455110258,0.484496875710141,0.477439874454169,0.470666367946276,0.464058994859807,0.457479074385466,0.450787925713954,0.443846868035973,0.436517220542224,0.428800506777426,0.42125906770236,0.414827360237983,0.411367487729896,0.410503610738366,0.40552711112112,0.400233378054645,0.397113664604956,0.396692951749737,0.396481907087265,0.39429767981046,0.392197658870242,0.392110802598227,0.391212107090823,0.387908274023463,0.389009828578655,0.395235714262813,0.396121092557133,0.392632845574308,0.390110434460663,0.396547982228525,0.410641608276755,0.408946584005993,0.415416771132482,0.422578441186259,0.428370000031476,0.433234614880994,0.432294905179565,0.432601834913194,0.441754257528782,0.455400204067995,0.466199999971188,0.470311111151377,0.475533081937044,0.48377666322863,0.494606122451403,0.507299999851568,0.520352251380263
2025-12-29,0.66731457328868,0.653606994464694,0.639899415640707,0.626191836816721,0.612484257992735,0.598776679168748,0.585111391375609,0.57170680441602,0.558827096447765,0.546736445628629,0.535699030116397,0.525979028068854,0.517729877002116,0.510662051865632,0.50437528696718,0.498469316614541,0.492543875115495,0.486198696777822,0.479153884291518,0.471611013875448,0.463892030130689,0.456318877658324,0.449213501059432,0.442897844935092,0.437563381743374,0.432879695370306,0.427970707943335,0.420299583127621,0.410634431068458,0.408552878992251,0.406267692305271,0.402717054276006,0.399664205554373,0.397376171152108,0.395388713987822,0.391808764245815,0.387421617972947,0.389394325785349,0.389690538846803,0.391234201623717,0.391784703814662,0.388725813244646,0.387906557974911,0.394086211284958,0.401221333192389,0.408148678279139,0.414861147211463,0.419520011709551,0.42400354073076,0.427081300336288,0.437634649011022,0.458760135409782,0.466845762697124,0.463403423240363,0.459588454374732,0.466900570218783,0.480769419806832,0.493129182329007,0.500360070770994,0.504433843843266,0.507984537669805
2025-12-30,0.614919813250572,0.607558383816369,0.600196954382165,0.592835524947962,0.585474095513759,0.578093620501253,0.570595047379424,0.562858365719193,0.554763565091484,0.546190635067219,0.537019565217319,0.527200975508837,0.516968007493342,0.506624433118535,0.496474024332113,0.486820553081777,0.477967791315226,0.470093832819384,0.462874058738079,0.455858172054361,0.448595875751284,0.440636872811898,0.432072119217056,0.425157582938812,0.421749890463952,0.419943290346993,0.416891436659385,0.411270000005658,0.406501214413676,0.402437065849324,0.398683022532932,0.395739714664959,0.39512303538083,0.393088693466805,0.387214199075316,0.386245867911923,0.394982328583399,0.395738353907923,0.386937813854701,0.391265048550092,0.417247684391022,0.417039145775559,0.403839650038399,0.402605250118552,0.405165641706857,0.403699954045748,0.415554001975487,0.429274999773019,0.431233147623923,0.436520212775239,0.455915384322598,0.464251028469626,0.464966768603634,0.471091347757264,0.488338377407616,0.499699999756451,0.494140000713901,0.497393863764705,0.509138461520641,0.520269230759972,0.526367567571707
2025-12-31,0.635714349731671,0.626262877266208,0.616811404800746,0.607359932335283,0.59790845986982,0.588462380452903,0.579049884890189,0.569705169817347,0.560462431870048,0.55135586768396,0.542419673894754,0.533688047138098,0.525180801697448,0.516860222447404,0.508674211910349,0.50057067260867,0.49249750706475,0.484402617800975,0.476253356270754,0.468094869651597,0.459991754052039,0.452008605580614,0.444210020345857,0.436682363923021,0.429599079754229,0.423270765893775,0.418469560977759,0.415039879756907,0.410504887989287,0.407450939641772,0.405121770679802,0.402229829310398,0.400556217839003,0.401585626509435,0.402548443220578,0.401093695244787,0.40079926969323,0.404906829657453,0.408413995932034,0.405844189941876,0.411652087245637,0.431669708118011,0.431242764645806,0.421492342349056,0.422091357923595,0.427296638922941,0.429497539694744,0.436204989061384,0.448117977548462,0.460536170182458,0.463854684883606,0.467471005972106,0.481780953506356,0.499596620442581,0.509684054635984,0.509212389529022,0.515770849595119,0.522176393395621,0.520092657380533,0.523212682615455,0.531487692293701
2026-01-01,0.621975033369552,0.613043218307248,0.604111403244944,0.595179588182639,0.586237489108982,0.577225913750919,0.568071499715897,0.558700884611366,0.549040706044775,0.539017601623572,0.528558208955206,0.517666545953828,0.506656151760405,0.495917945822606,0.485842847588099,0.476821776504555,0.469099744887715,0.462338136525618,0.456052428074375,0.449758096190098,0.442970617528899,0.435205468746889,0.426625644386993,0.419984210539389,0.417066894894387,0.413199999995576,0.405932353025613,0.403499999690833,0.401335348550098,0.398241313559189,0.39533743668904,0.394976961394954,0.398372862596348,0.40094333958471,0.39884985938345,0.397021735571596,0.400299296939708,0.40405176281956,0.403843303579917,0.407265947003514,0.413434558601913,0.418785576378999,0.421384083040748,0.421692729799571,0.428135797191546,0.442799999171131,0.445238459805562,0.449789552301274,0.467964812227613,0.470420176282151,0.468466336675652,0.480084968289277,0.49568177777255,0.502599999969076,0.504500000183269,0.510463522086325,0.521066000015893,0.533219480502294,0.540827509065523,0.545095348845203,0.548810745757179
2026-01-02,0.634548424137099,0.625749033830291,0.616949643523483,0.608124857283741,0.599142394044112,0.589841926103567,0.580063125761078,0.569645665315617,0.558429217066155,0.546354447428269,0.533765999283957,0.521109509631819,0.50883061547046,0.497374953798481,0.487188161614485,0.478565364359603,0.471199641245076,0.464633559924677,0.458409688052175,0.452070593281342,0.44515884326595,0.437263084318162,0.428156277383721,0.419371214191746,0.419295694971276,0.42562871413071,0.409164625538512,0.404258848205348,0.408537424854597,0.408673415125331,0.406962913849272,0.407862196895257,0.408845229087927,0.40709959193984,0.405649644759407,0.407012794239468,0.409506021237089,0.417715732639687,0.419424458511994,0.416858720856865,0.416786001834242,0.423272555699749,0.433611902524391,0.432346223628901,0.435900589713347,0.441169117357738,0.448966082540631,0.457811254442469,0.454615894627317,0.461124797963644,0.486792916912835,0.485224905362392,0.495271826181382,0.498565455945895,0.505461838464435,0.510920284885101,0.512586221908108,0.530611680125834,0.534142436002839,0.53258100470967,0.531019573416502
2026-01-03,0.654551124429024,0.64176276772714,0.628974411025256,0.616226152107871,0.603729141216064,0.591739957034705,0.580515178248663,0.570311383542808,0.56138515160201,0.55381800317381,0.546991227256434,0.54011105491078,0.532383717197745,0.523015445178228,0.511212469913124,0.496640091243953,0.480799884134709,0.46565249233001,0.453158559574472,0.445278729612709,0.442995220953911,0.443376551165554,0.442988512859362,0.44029969976577,0.435007100377457,0.429818481117371,0.427082334098662,0.424726466950003,0.420500804545747,0.415483755637588,0.411939750636998,0.413576013402217,0.421660310364686,0.426259784801878,0.421415194795165,0.421136830974898,0.420879478703882,0.42166406721397,0.425128788341326,0.425431365471046,0.425142560455318,0.428133266740408,0.432506204863712,0.435940450211136,0.43964080651361,0.443639019746355,0.44766761610592,0.452453698505635,0.458741843804397,0.466351947926609,0.474872736563051,0.483057450388637,0.487700951062373,0.490296859417631,0.494131956898138,0.502108787149124,0.510617970654046,0.518703577743215,0.526578700221069,0.534419610994747,0.542260521768425
2026-01-04,0.659992412588838,0.647250021061031,0.634539135021055,0.622023706226365,0.609902404081398,0.59837389799059,0.58763685735838,0.577889951589202,0.569228205637524,0.561332066657918,0.553778337354988,0.546143820433336,0.538005318597565,0.528939634552277,0.518717554173732,0.507885796024821,0.497185061840093,0.487356053354096,0.479139472301379,0.47298669775987,0.468191818181019,0.463759599359656,0.458823365006591,0.453030670496554,0.446432322495214,0.440170216703948,0.435389163404326,0.432262124660743,0.430592679349169,0.429671037344937,0.428845627455618,0.4281505888693,0.427564484560101,0.427407888265804,0.42857559317518,0.429055283184194,0.42913543956728,0.429730467046413,0.430921705755208,0.432711646145586,0.435478693868224,0.439163668387867,0.443596094774815,0.448497025843746,0.452753443331459,0.455661220928876,0.458223059904357,0.461775226964277,0.467079954421701,0.473787976472622,0.481366667269256,0.489573485067286,0.498204667117948,0.507047452797727,0.515925120084226,0.524802787370726,0.533680454657225,0.542558121943724,0.551435789230223,0.560313456516722,0.569191123803221
2026-01-05,0.641469516316887,0.633393110240024,0.62531670416316,0.617240298086296,0.609163892009433,0.601087485932569,0.592974137273626,0.584631056697258,0.575824474073565,0.566320619272646,0.555885722164603,0.544286012619535,0.53147709928214,0.51817210589551,0.505273534977331,0.493683889045292,0.484305670617082,0.47769136759898,0.472993409451634,0.469116090864233,0.465371225885752,0.461328558168744,0.457182030420272,0.450973159873342,0.438923856446639,0.43724394594925,0.440114414156099,0.437841076226038,0.434672198524236,0.435912173291453,0.4371474450645,0.435310059904578,0.437514414283903,0.437479247182132,0.434010364664887,0.430659316111721,0.435524989470928,0.441228491543605,0.439920739808824,0.439594151299571,0.446559291348191,0.449169104773457,0.448579453176548,0.448940785087163,0.447936753377554,0.446738986164233,0.459495893619643,0.475692901760632,0.481650240642621,0.4816244307945,0.487466375382124,0.504784226980417,0.517719018130493,0.526846423365245,0.52444615632177,0.509292099548846,0.511385805994391,0.531536324356809,0.560686190841363,0.591316576788737,0.621946962736112
2026-01-06,0.646353244644661,0.637422172981214,0.628491101317767,0.61956002965432,0.610628957990873,0.601697886327425,0.592747751245121,0.583678757873769,0.574369809036364,0.564699807555904,0.554547656255385,0.543792257957804,0.532411356788154,0.520778062079414,0.509364324466557,0.498642094584558,0.489083323068391,0.480987425532305,0.47396367750764,0.467448819505011,0.46116440104052,0.455971207652223,0.450639053126502,0.44093532043033,0.439777455156239,0.440675893289234,0.434379926969896,0.426501974777865,0.423647364792828,0.422897544406616,0.424081519905374,0.425421977782288,0.420054120700382,0.420264315210323,0.424715898403609,0.427830096291587,0.42749094636988,0.423948194755891,0.422231513487501,0.423990192023811,0.428173316614031,0.429620253593413,0.430375264259659,0.436804438653443,0.44368562281966,0.446103057699327,0.450810610943717,0.45778063347335,0.46489676844234,0.471425162003464,0.474696895166957,0.475048200763076,0.482603639051215,0.492441039138074,0.497478218621044,0.50055372548158,0.505639983502232,0.512714260336449,0.520779857302741,0.52900888144124,0.537237905579739
2026-01-07,0.673895644774458,0.664013573143882,0.654113866415517,0.64410360021049,0.633869840607171,0.623299653683934,0.61228010551915,0.600698262191192,0.58851953653699,0.576022728427714,0.56356498449309,0.551503451362845,0.540195275666706,0.529997604034401,0.521123315594698,0.513208219472541,0.505743857291916,0.498221770676809,0.490133501251205,0.480970590639091,0.470913508213285,0.462898434341938,0.458895264679852,0.454253045033105,0.446455775727721,0.443010938375699,0.437836496856175,0.432389475826484,0.429516237213053,0.42494424459795,0.416005049935242,0.413565457011339,0.422760248853007,0.423507529794691,0.425590146526811,0.427506258963068,0.427719384807449,0.426576722793832,0.425988789344593,0.426565189379481,0.425520606541355,0.43186615323683,0.442643816941265,0.429981695612854,0.453407903716405,0.4615371486743,0.459456426034778,0.467501038647526,0.473173921270942,0.47717726621874,0.485979362597872,0.501741269961901,0.508533076064787,0.498463487022724,0.501982095265553,0.514266105399105,0.524723208083776,0.542072284780356,0.561469132246574,0.580865979712792,0.60026282717901
2026-01-21,0.614405849238907,0.606384367879795,0.598362886520682,0.59034140516157,0.582307617758986,0.574199806226907,0.565943852501503,0.557465638518942,0.548691046215392,0.539545957527025,0.529984399505268,0.52007297966258,0.509906450626682,0.499579565025293,0.489187075486131,0.478823734636916,0.468674790489401,0.459287472591468,0.451299505875034,0.445348615272016,0.44207252571433,0.441255418225195,0.439267298193042,0.431624627097605,0.417258791250001,0.408760876286889,0.412710157397694,0.40723189380174,0.39677540621824,0.389999325314838,0.391372189791167,0.393645785670746,0.389972700521669,0.385177217692772,0.38082055795186,0.378095384910808,0.380492671728098,0.38282856877925,0.38240882350153,0.378842929057036,0.37564525032114,0.374899118521499,0.37219267268995,0.373242056715596,0.382998321291901,0.393171685761399,0.400992653622266,0.406046526237582,0.407918604970426,0.406770845810494,0.405071823253949,0.405866766423568,0.412200904442131,0.425714935173707,0.442431431447538,0.456968434834156,0.46515679663983,0.467678607113766,0.466428766240908,0.463302174006198,0.459868839418877
2026-01-22,0.588951151930549,0.581192823970626,0.573434496010703,0.565676168050779,0.557927183804343,0.550238213844206,0.542671248459362,0.5352882779388,0.528151292571513,0.521322282646492,0.514798293878097,0.508316593682172,0.501549504899925,0.494169350372569,0.485848452941315,0.476259135447373,0.46529547884711,0.453738596557511,0.442591360110717,0.432856641038869,0.425537310874108,0.42101001111526,0.417146463127903,0.411911319563021,0.406145878346492,0.401410598722918,0.398705890204748,0.395353260290158,0.386355448229399,0.378858141827709,0.374392228049031,0.372184197250223,0.371853848027998,0.372731504834336,0.37259628730242,0.369811223602381,0.366779310727219,0.366381175519829,0.367224177412021,0.367389566901804,0.367211732151962,0.367330256238776,0.368054997917384,0.368652214127901,0.368666107576264,0.369477999135874,0.371734989056383,0.375765910876606,0.381899598135362,0.390182334030062,0.399530200392496,0.408576728713049,0.416302626950778,0.423077308939438,0.429617364981458,0.436639385379267,0.444690450381921,0.45363960002499,0.463186364290672,0.473030273161167,0.482922597661466
2026-01-23,0.568058971974671,0.561916344961758,0.555773717948845,0.549622830832614,0.543424368622445,0.53713174898738,0.530698389596464,0.524077708118742,0.517223122223258,0.510088049579055,0.502607443241545,0.494642397811608,0.486035543276489,0.476629509623435,0.466266926839692,0.454790424912506,0.442293813509149,0.429875621016997,0.41888555550345,0.41067332503591,0.406588637681779,0.406705742202261,0.405997050133778,0.400010839965709,0.391700695224034,0.384287412565891,0.377112820713808,0.374639556454126,0.371287672679973,0.361596304378128,0.353080983380544,0.353504673979934,0.358643673466882,0.362012192363182,0.360062761117596,0.353768350188346,0.354525793473014,0.358982485487546,0.360438273183153,0.356462799881088,0.35698358369805,0.36245780553221,0.369353326708568,0.37157785657132,0.366772213431874,0.366418773562418,0.371768940642078,0.380423088461111,0.389981590809774,0.398517732316363,0.405996440961329,0.412855555563162,0.419477599605273,0.426023835230747,0.432600209247588,0.439312668463801,0.446239415518369,0.453347676374177,0.46057693282509,0.46786666666497,0.475166466463956
2026-01-24,0.607911189731547,0.59718877323184,0.586466356732134,0.575743940232427,0.56502776155749,0.554349099717496,0.543745516490554,0.533254573654771,0.522913832988253,0.512760856269109,0.502839744487625,0.493220755482809,0.483980686305851,0.475196334007937,0.466944495640255,0.459301968253995,0.452305970057664,0.445835403889056,0.439729593743287,0.43382786361547,0.427969537500721,0.421993939394155,0.415569840743773,0.40768380280913,0.398310497381458,0.392059248567135,0.390261538378227,0.383321590959075,0.37986396994441,0.376859175252382,0.369385261283386,0.363423326908059,0.364358099257373,0.3642857740334,0.358295652190273,0.358841379237553,0.357536601311506,0.355128157443271,0.35401417910554,0.35530149012694,0.357711585362605,0.35992840236835,0.362607652081465,0.365910514804304,0.369734844444477,0.373940592901542,0.378236104042855,0.38229181972772,0.385778181815442,0.38868221136292,0.392257246217427,0.398073203423834,0.407700000027007,0.421857704707715,0.437866992690319,0.452198690835078,0.462129276870053,0.468157831994505,0.471589088275492,0.473727777780077,0.475655094585479
2026-01-25,0.6233059553412,0.614415473836319,0.605524992331437,0.596634510826556,0.587744029321675,0.578853547816794,0.569963582469055,0.561074458886817,0.552185891246905,0.543297593726143,0.534409280501355,0.525520665749365,0.516631463647,0.507767837371826,0.499061746104394,0.490671598025995,0.482755801317922,0.475472764161467,0.468980894737925,0.463249683352234,0.45749294880392,0.450735592016156,0.442002513912115,0.430318615414971,0.416084647403989,0.40520476058281,0.402135412614522,0.400038889175625,0.393556526410791,0.390152643512356,0.385742224587806,0.378643401720046,0.369846669419788,0.364241433121914,0.365354621269036,0.367364343410513,0.364402446299981,0.359764544401447,0.359013261688465,0.363720483417499,0.364154190354528,0.363887610649335,0.367163676653631,0.367452046012706,0.369584676124913,0.37916880011232,0.389920094333551,0.394649657631983,0.394441835553443,0.392449285319374,0.391824664151216,0.394987283467464,0.401423071474817,0.409884610577029,0.419124483177852,0.428122910209447,0.436770666717602,0.445186166276517,0.453487822460389,0.461772028148139,0.470056233835889
2026-01-26,0.611477039957036,0.601553793667389,0.591630547377741,0.581707301088093,0.571784054798445,0.561864687110192,0.55196907500245,0.542121216041802,0.532345107794833,0.522664747828126,0.513104133708265,0.503686522443197,0.494432208806319,0.485360747012393,0.476491691276181,0.467844595812444,0.459439014835942,0.451310249027096,0.443556584928959,0.436292055550244,0.429630693899661,0.423686532985923,0.41849964122334,0.413814228648608,0.409300540704022,0.404680555233608,0.399883179688307,0.394922602628518,0.389938333154362,0.385070420943684,0.380459997521905,0.376250943710493,0.372588181376359,0.369582448438945,0.367209890661962,0.365424948318641,0.364195994164654,0.363535576681703,0.363475962004946,0.364067527952677,0.365334043035315,0.367175911363253,0.369521663145923,0.37250354763663,0.376184182278451,0.380613834349062,0.385870271903949,0.391844272306003,0.398374915348238,0.405301280823664,0.412484423653429,0.419873299271225,0.427438838238881,0.435151971118224,0.442982919215575,0.450899066815225,0.458867088945959,0.466858442453325,0.474863711449923,0.482878261865116,0.490897459628267
2026-01-27,0.600499163068321,0.58579083283392,0.57108250259952,0.55637417236512,0.541725226745996,0.527442740760395,0.51389825001277,0.501463290107576,0.490509396649266,0.481408105242295,0.474369160037651,0.468955139372459,0.464566830130381,0.460605019195076,0.456470493450207,0.451564039779432,0.445462319780665,0.438445493908829,0.430969597333099,0.423490665222648,0.416464732746653,0.410347835074288,0.405321779487051,0.400471461715731,0.395132653534104,0.3907415424386,0.387195927601688,0.379801240189844,0.374617566852707,0.371988990118295,0.366170043343708,0.36401110531813,0.368127993859339,0.368125397363469,0.358348217659283,0.356177662721209,0.357198007443252,0.355291622032882,0.353355632440988,0.355347194895831,0.361422804850741,0.368818130045905,0.370225757414692,0.369725888454346,0.372632749362179,0.376718410639792,0.381169488567277,0.386052622012036,0.391434449841472,0.397387314069782,0.404006369298338,0.411392473275307,0.419646483748858,0.428782745061902,0.438469547936337,0.448288669688804,0.457903539470196,0.467304193768405,0.476562320905574,0.485749609203845,0.494925374190048
2026-01-28,0.609482870942361,0.598998506640992,0.588514142339623,0.578029778038255,0.567552901679954,0.557121731782514,0.546782364208019,0.536580894818554,0.526563419476203,0.51677603404305,0.50725620950551,0.498006917347307,0.489022504176495,0.480297316601127,0.471825701229256,0.463602004668936,0.455608519699027,0.44777932378161,0.440036440549572,0.4323018936358,0.424497706673183,0.416545903294606,0.408418285547358,0.400285769136322,0.392674978276533,0.387336257566048,0.383235267387195,0.373730132728091,0.370686963031717,0.371658271185802,0.370971526348954,0.365659821860448,0.362595503210845,0.361692320473546,0.360703154422551,0.359231727477236,0.35849867731277,0.358841051868771,0.35943295320227,0.359562713200909,0.359879971668362,0.362305612903259,0.369812727306781,0.375619466950976,0.374581067204096,0.375853898744866,0.381170664631682,0.389331014203487,0.399134596799228,0.409425639425309,0.419226679757984,0.427604833140968,0.433627214917976,0.4369237081316,0.439375266619942,0.443425611919979,0.450942375368151,0.461488827498736,0.474052148645473,0.487619519142101,0.501351307758254
2026-01-29,0.637006595531399,0.627966792311055,0.618927858654482,0.609890959129963,0.600857258305782,0.591827920750226,0.582804111031577,0.573786993718121,0.56477272398529,0.555737419437115,0.546652188284771,0.537488138739437,0.52821637901229,0.518808017314508,0.509234161857268,0.499494193387892,0.489700582798279,0.479994073516474,0.470515408970521,0.461405332588462,0.452804587798343,0.444742681373985,0.436804173472319,0.428462387596056,0.419190647247905,0.408462275930577,0.396709466066205,0.388199885754622,0.386448118562717,0.388120934247905,0.388551965735897,0.384946963114371,0.376161195645695,0.363365021939397,0.358573442247806,0.369364968475626,0.3734059519864,0.371063350310004,0.368439367419068,0.362210321129298,0.353760390282852,0.360220430086971,0.363084062996211,0.360698458656509,0.362032045004974,0.380605908744954,0.39894865136103,0.398912491352998,0.39391680851919,0.40060968806336,0.416986875512411,0.436381031474033,0.452124816555916,0.459263756428122,0.459694837010192,0.457027909284041,0.454872824231583,0.456065390375221,0.460345246399332,0.46667798852878,0.474029212988431
2026-01-30,0.638713907363279,0.631097751377491,0.623467876200142,0.615753244877756,0.607867880767465,0.599725807226399,0.591241047611689,0.582327625280466,0.57289956358986,0.562917310118261,0.552527009329087,0.541921229907016,0.531292540536726,0.520833509902894,0.510736706690197,0.50115982339407,0.49212104775298,0.48360369131615,0.475591065632806,0.46806648225217,0.461013252723467,0.454396137694277,0.448105694205603,0.442013928396806,0.435992846407244,0.429914454376278,0.423650758443266,0.417745676179915,0.415430770887317,0.416539092013708,0.404621987866529,0.380309951840315,0.392850564728077,0.390288405254999,0.38072528587858,0.399355619743834,0.392440348097002,0.394100956469207,0.395376469246486,0.38277178181499,0.387518430423313,0.397263560521095,0.400137935913067,0.400517232322432,0.4048340823525,0.414669585590142,0.427952577474888,0.436229968825464,0.442111685375925,0.449835438093993,0.457459517072846,0.46454173468456,0.471451737300554,0.478559171292249,0.486148366794537,0.49416238899621,0.502458986849532,0.510895909306766,0.519355577050046,0.527815244793325,0.536274912536605
